11452600,,,,,,,,,,,,,flow (cfs-days),flow (liters),THg-P load (kg),avg. THg-P (ng/L)
THgP,,,,,,,,,,,,WY2016,,1.41E+11,33,237
DAILY,,,,,,,,,,,,WY2017,,1.06E+12,305,289
,,,,,,,,,,,,,,,,
,,,,,,,,Flow,MODEL,,,,,,,
,Date,Flow,Flux,Std.Err,SEP,L90,U90,Liters/day,SSC mg/L,,,,,,,
1,10/1/2015,0,0,0,0,0,0,0,nd,,,,,,,
2,10/2/2015,0,0,0,0,0,0,0,nd,,,,,,,
3,10/3/2015,0,0,0,0,0,0,0,nd,,,,,,,
4,10/4/2015,0,0,0,0,0,0,0,nd,,,,,,,
5,10/5/2015,0,0,0,0,0,0,0,nd,,,,,,,
6,10/6/2015,0,0,0,0,0,0,0,nd,,,,,,,
7,10/7/2015,0,0,0,0,0,0,0,nd,,,,,,,
8,10/8/2015,0,0,0,0,0,0,0,nd,,,,,,,
9,10/9/2015,0,0,0,0,0,0,0,nd,,,,,,,
10,10/10/2015,0,0,0,0,0,0,0,nd,,,,,,,
11,10/11/2015,0,0,0,0,0,0,0,nd,,,,,,,
12,10/12/2015,0,0,0,0,0,0,0,nd,,,,,,,
13,10/13/2015,0,0,0,0,0,0,0,nd,,,,,,,
14,10/14/2015,0,0,0,0,0,0,0,nd,,,,,,,
15,10/15/2015,0,0,0,0,0,0,0,nd,,,,,,,
16,10/16/2015,0,0,0,0,0,0,0,nd,,,,,,,
17,10/17/2015,0,0,0,0,0,0,0,nd,,,,,,,
18,10/18/2015,0,0,0,0,0,0,0,nd,,,,,,,
19,10/19/2015,0,0,0,0,0,0,0,nd,,,,,,,
20,10/20/2015,0,0,0,0,0,0,0,nd,,,,,,,
21,10/21/2015,0,0,0,0,0,0,0,nd,,,,,,,
22,10/22/2015,0,0,0,0,0,0,0,nd,,,,,,,
23,10/23/2015,0,0,0,0,0,0,0,nd,,,,,,,
24,10/24/2015,0,0,0,0,0,0,0,nd,,,,,,,
25,10/25/2015,0,0,0,0,0,0,0,nd,,,,,,,
26,10/26/2015,0,0,0,0,0,0,0,nd,,,,,,,
27,10/27/2015,0,0,0,0,0,0,0,nd,,,,,,,
28,10/28/2015,0,0,0,0,0,0,0,nd,,,,,,,
29,10/29/2015,0,0,0,0,0,0,0,nd,,,,,,,
30,10/30/2015,0,0,0,0,0,0,0,nd,,,,,,,
31,10/31/2015,0,0,0,0,0,0,0,nd,,,,,,,
32,11/1/2015,0,0,0,0,0,0,0,nd,,,,,,,
33,11/2/2015,0,0,0,0,0,0,0,nd,,,,,,,
34,11/3/2015,0,0,0,0,0,0,0,nd,,,,,,,
35,11/4/2015,0,0,0,0,0,0,0,nd,,,,,,,
36,11/5/2015,0,0,0,0,0,0,0,nd,,,,,,,
37,11/6/2015,0,0,0,0,0,0,0,nd,,,,,,,
38,11/7/2015,0,0,0,0,0,0,0,nd,,,,,,,
39,11/8/2015,0,0,0,0,0,0,0,nd,,,,,,,
40,11/9/2015,0,0,0,0,0,0,0,nd,,,,,,,
41,11/10/2015,0,0,0,0,0,0,0,nd,,,,,,,
42,11/11/2015,0,0,0,0,0,0,0,nd,,,,,,,
43,11/12/2015,0,0,0,0,0,0,0,nd,,,,,,,
44,11/13/2015,0,0,0,0,0,0,0,nd,,,,,,,
45,11/14/2015,0,0,0,0,0,0,0,nd,,,,,,,
46,11/15/2015,0,0,0,0,0,0,0,nd,,,,,,,
47,11/16/2015,0,0,0,0,0,0,0,nd,,,,,,,
48,11/17/2015,0,0,0,0,0,0,0,nd,,,,,,,
49,11/18/2015,0,0,0,0,0,0,0,nd,,,,,,,
50,11/19/2015,0,0,0,0,0,0,0,nd,,,,,,,
51,11/20/2015,0,0,0,0,0,0,0,nd,,,,,,,
52,11/21/2015,0,0,0,0,0,0,0,nd,,,,,,,
53,11/22/2015,0,0,0,0,0,0,0,nd,,,,,,,
54,11/23/2015,0,0,0,0,0,0,0,nd,,,,,,,
55,11/24/2015,0,0,0,0,0,0,0,nd,,,,,,,
56,11/25/2015,0,0,0,0,0,0,0,nd,,,,,,,
57,11/26/2015,0,0,0,0,0,0,0,nd,,,,,,,
58,11/27/2015,0,0,0,0,0,0,0,nd,,,,,,,
59,11/28/2015,0,0,0,0,0,0,0,nd,,,,,,,
60,11/29/2015,0,0,0,0,0,0,0,nd,,,,,,,
61,11/30/2015,0,0,0,0,0,0,0,nd,,,,,,,
62,12/1/2015,0,0,0,0,0,0,0,nd,,,,,,,
63,12/2/2015,0,0,0,0,0,0,0,nd,,,,,,,
64,12/3/2015,0,0,0,0,0,0,0,nd,,,,,,,
65,12/4/2015,0,0,0,0,0,0,0,nd,,,,,,,
66,12/5/2015,0,0,0,0,0,0,0,nd,,,,,,,
67,12/6/2015,0,0,0,0,0,0,0,nd,,,,,,,
68,12/7/2015,0,0,0,0,0,0,0,nd,,,,,,,
69,12/8/2015,0,0,0,0,0,0,0,nd,,,,,,,
70,12/9/2015,0,0,0,0,0,0,0,nd,,,,,,,
71,12/10/2015,0,0,0,0,0,0,0,nd,,,,,,,
72,12/11/2015,0,0,0,0,0,0,0,nd,,,,,,,
73,12/12/2015,0,0,0,0,0,0,0,nd,,,,,,,
74,12/13/2015,0,0,0,0,0,0,0,nd,,,,,,,
75,12/14/2015,0,0,0,0,0,0,0,nd,,,,,,,
76,12/15/2015,0,0,0,0,0,0,0,nd,,,,,,,
77,12/16/2015,0,0,0,0,0,0,0,nd,,,,,,,
78,12/17/2015,0,0,0,0,0,0,0,nd,,,,,,,
79,12/18/2015,0,0,0,0,0,0,0,nd,,,,,,,
80,12/19/2015,0,0,0,0,0,0,0,nd,,,,,,,
81,12/20/2015,0,0,0,0,0,0,0,nd,,,,,,,
82,12/21/2015,0,0,0,0,0,0,0,nd,,,,,,,
83,12/22/2015,0,0,0,0,0,0,0,nd,,,,,,,
84,12/23/2015,0,0,0,0,0,0,0,nd,,,,,,,
85,12/24/2015,0,0,0,0,0,0,0,nd,,,,,,,
86,12/25/2015,0,0,0,0,0,0,0,nd,,,,,,,
87,12/26/2015,0,0,0,0,0,0,0,nd,,,,,,,
88,12/27/2015,0,0,0,0,0,0,0,nd,,,,,,,
89,12/28/2015,0,0,0,0,0,0,0,nd,,,,,,,
90,12/29/2015,0,0,0,0,0,0,0,nd,,,,,,,
91,12/30/2015,0,0,0,0,0,0,0,nd,,,,,,,
92,12/31/2015,0,0,0,0,0,0,0,nd,,,,,,,
93,1/1/2016,0,0,0,0,0,0,0,nd,,,,,,,
94,1/2/2016,0,0,0,0,0,0,0,nd,,,,,,,
95,1/3/2016,0,0,0,0,0,0,0,nd,,,,,,,
96,1/4/2016,0,0,0,0,0,0,0,nd,,,,,,,
97,1/5/2016,0,0,0,0,0,0,0,nd,,,,,,,
98,1/6/2016,0,0,0,0,0,0,0,nd,,,,,,,
99,1/7/2016,276,50304.40686,13463.63336,43442.18706,10709.82907,135344.2377,675254851.8,74,,,,,,,
100,1/8/2016,157,19337.02474,5777.688413,16895.54637,4049.814731,52358.55798,384112361.4,50,,,,,,,
101,1/9/2016,39,1808.261915,746.3358776,1661.732272,352.3260955,5031.521107,95416446.45,19,,,,,,,
102,1/10/2016,13,275.4995904,147.3160096,269.9441834,48.82319387,793.1267763,31805482.15,9,,,,,,,
103,1/11/2016,7.9,116.87956,70.1112408,118.8486828,19.57872276,343.0412684,19327946.85,6,,,,,,,
104,1/12/2016,6.6,85.62898151,53.52375011,88.36211252,14.02272356,253.2325614,16147398.63,5,,,,,,,
105,1/13/2016,4.4,42.49698972,29.12819278,45.45282268,6.581525406,127.9899906,10764932.42,4,,,,,,,
106,1/14/2016,46,2376.958529,941.3022532,2166.781167,468.5810936,6585.314418,112542475.3,21,,,,,,,
107,1/15/2016,105,9665.065041,3141.179571,8534.72487,1994.079114,26320.97639,256890432.8,38,,,,,,,
108,1/16/2016,156,18887.08958,5602.202468,16488.42704,3960.314738,51116.69062,381665785.8,49,,,,,,,
109,1/17/2016,295,55413.78754,14423.67423,47729.87209,11840.74691,148879.0422,721739787.3,77,,,,,,,
110,1/18/2016,1050,469131.6087,108574.1201,400197.2756,101600.9125,1253778.204,2568904328,183,,,,,,,
111,1/19/2016,1020,446164.709,102940.0033,380518.7877,96657.37545,1192250.099,2495507061,179,,,,,,,
112,1/20/2016,1480,831634.9369,194537.2339,709997.7344,179910.527,2223551.6,3620931814,230,,,,,,,
113,1/21/2016,634,200022.4572,46664.29315,170732.3505,43283.63744,534743.6033,1551128899,129,,,,,,,
114,1/22/2016,360,76950.57965,19198.3187,66033.85707,16528.40712,206321.654,880767198,87,,,,,,,
115,1/23/2016,352,73970.22496,18490.18444,63486.62552,15884.65203,198348.2452,861194593.6,86,,,,,,,
116,1/24/2016,330,66230.42348,16709.11451,56888.69966,14206.91249,177670.8941,807369931.5,82,,,,,,,
117,1/25/2016,268,46525.82263,12178.8434,40095.14094,9934.374426,125035.3059,655682247.4,71,,,,,,,
118,1/26/2016,216,32253.49763,8810.822876,27909.47562,6847.563162,86872.9049,528460318.8,61,,,,,,,
119,1/27/2016,165,20409.13812,5909.828006,17768.81914,4295.866856,55154.41093,403684965.8,51,,,,,,,
120,1/28/2016,127,13073.03584,4020.062797,11461.92337,2724.630057,35464.09792,310715094.9,42,,,,,,,
121,1/29/2016,103,9146.415123,2955.672459,8070.510794,1889.135506,24898.1238,251997281.7,36,,,,,,,
122,1/30/2016,96,8102.578087,2661.89634,7165.522157,1668.217611,22083.47456,234871252.8,34,,,,,,,
123,1/31/2016,116,11155.96594,3497.693252,9804.863355,2317.124373,30303.42648,283802763.8,39,,,,,,,
124,2/1/2016,91,7374.670321,2451.763106,6532.625772,1514.776301,20117.65465,222638375.1,33,,,,,,,
125,2/2/2016,81,6040.645546,2065.693467,5372.741147,1233.599739,16514.87786,198172619.6,30,,,,,,,
126,2/3/2016,65,4147.106364,1497.153573,3719.650333,836.8179816,11389.58452,159027410.8,26,,,,,,,
127,2/4/2016,53,2924.416744,1110.372623,2645.446185,582.9217872,8068.627065,129668504.2,23,,,,,,,
128,2/5/2016,32,1234.123672,530.8086075,1143.908468,237.4697746,3449.819356,78290417.6,16,,,,,,,
129,2/6/2016,26,863.8977283,390.9140528,809.9033943,163.48682,2429.613381,63610964.3,14,,,,,,,
130,2/7/2016,30,1101.592439,481.2503447,1024.541149,210.9186144,3084.947453,73397266.5,15,,,,,,,
131,2/8/2016,25,805.1610585,367.781202,756.5068721,151.8775529,2267.089812,61164388.75,13,,,,,,,
132,2/9/2016,21,596.4049459,284.2220375,566.1941973,110.796222,1688.561313,51378086.55,12,,,,,,,
133,2/10/2016,17,414.5400563,207.8992058,398.8358269,75.49812959,1181.994248,41591784.35,10,,,,,,,
134,2/11/2016,14,296.6216637,155.8525616,289.1445015,52.97544291,851.6233142,34252057.7,9,,,,,,,
135,2/12/2016,11,195.7119047,108.9050439,194.1193017,34.05071145,567.0382129,26912331.05,7,,,,,,,
136,2/13/2016,10,165.8603494,94.40428659,165.7038041,28.54243425,482.3630695,24465755.5,7,,,,,,,
137,2/14/2016,8.1,115.2373499,68.9267771,117.0613043,19.33334575,338.0460503,19817261.96,6,,,,,,,
138,2/15/2016,6.6,80.85451307,50.73431896,83.55346798,13.21191129,239.2867193,16147398.63,5,,,,,,,
139,2/16/2016,4.9,48.29967576,32.47403705,51.25675834,7.572511207,144.8922919,11988220.2,4,,,,,,,
140,2/17/2016,4.2,36.95198147,25.74566366,39.79138062,5.661928973,111.6710919,10275617.31,4,,,,,,,
141,2/18/2016,5.6,60.60331521,39.52536534,63.54714646,9.681057126,180.6974196,13700823.08,4,,,,,,,
142,2/19/2016,12,224.6071121,122.5154118,221.4039014,39.44555683,648.6528851,29358906.6,8,,,,,,,
143,2/20/2016,18,449.6418381,222.4795922,431.039363,82.33490699,1279.621931,44038359.9,10,,,,,,,
144,2/21/2016,39,1685.200621,688.4783323,1545.482548,329.3234623,4683.96364,95416446.45,18,,,,,,,
145,2/22/2016,41,1832.385131,739.1158157,1676.25641,359.3899154,5086.207176,100309597.6,18,,,,,,,
146,2/23/2016,29,1012.365731,445.4363904,943.046875,193.3864188,2837.471566,70950690.95,14,,,,,,,
147,2/24/2016,21,581.6796522,277.2210882,552.2231024,108.0582532,1646.883704,51378086.55,11,,,,,,,
148,2/25/2016,16,364.3418178,185.5666855,352.0294796,65.937279,1041.191068,39145208.8,9,,,,,,,
149,2/26/2016,12,221.9720591,121.1813038,218.8635636,38.96743047,641.1306118,29358906.6,8,,,,,,,
150,2/27/2016,7.2,92.0321048,56.71205599,94.4787262,15.19228799,271.4447143,17615343.96,5,,,,,,,
151,2/28/2016,5.4,55.95495914,36.88078451,58.91452465,8.881462665,167.1869207,13211507.97,4,,,,,,,
152,2/29/2016,3.6,27.73441254,20.07724502,30.35867055,4.140842189,84.50511916,8807671.98,3,,,,,,,
153,3/1/2016,1.7,7.549344143,6.484559232,8.970560637,0.987008539,23.94023516,4159178.435,2,,,,,,,
154,3/2/2016,0,0,0,0,0,0,0,nd,,,,,,,
155,3/3/2016,0,0,0,0,0,0,0,nd,,,,,,,
156,3/4/2016,0,0,0,0,0,0,0,nd,,,,,,,
157,3/5/2016,9.5,146.5548031,84.70606686,147.15529,25.02777602,427.3349407,23242467.73,6,,,,,,,
158,3/6/2016,1760,1035504.583,215700.5283,877151.813,226459.9972,2756804.435,4305972968,240,,,,,,,
159,3/7/2016,2460,1810848.729,393175.8205,1537932.209,394597.6347,4827872.227,6018575853,301,,,,,,,
160,3/8/2016,1680,954883.4056,196898.7927,808368.0565,209004.0824,2541322.526,4110246924,232,,,,,,,
161,3/9/2016,713,226040.5811,46778.41255,191398.4689,49460.88956,601654.1328,1744408367,130,,,,,,,
162,3/10/2016,595,166416.5,35137.75742,141084.4542,36352.79524,443248.6179,1455712452,114,,,,,,,
163,3/11/2016,3870,3836273.439,899328.5798,3275702.221,829727.0596,10257998.69,9468247379,405,,,,,,,
164,3/12/2016,3690,3537718.608,818483.294,3017811.036,766198.0248,9454606.761,9027863780,392,,,,,,,
165,3/13/2016,3510,3249375.088,741701.0629,2769128.285,704706.8143,8679353.932,8587480181,378,,,,,,,
166,3/14/2016,2820,2250828.604,490512.123,1912064.58,490308.1581,6001689.569,6899343051,326,,,,,,,
167,3/15/2016,2050,1318256.276,272345.9057,1116112.252,288493.6183,3508619.232,5015479878,263,,,,,,,
168,3/16/2016,2320,1619028.742,339419.9374,1371976.416,353883.0837,4311229.984,5676055276,285,,,,,,,
169,3/17/2016,2780,2187530.285,471438.9185,1856945.843,476998.5185,5830594.598,6801480029,322,,,,,,,
170,3/18/2016,2640,2003381.012,426560.7476,1699314.95,437310.6749,5337514.82,6458959452,310,,,,,,,
171,3/19/2016,1700,957421.1078,191560.5023,809108.6158,210063.4744,2545652.034,4159178435,230,,,,,,,
172,3/20/2016,1390,682054.3026,134286.8949,575886.5825,149830.1243,1812607.101,3400740015,201,,,,,,,
173,3/21/2016,1100,459780.1625,90015.09128,388092.9472,101044.6328,1221693.832,2691233105,171,,,,,,,
174,3/22/2016,1170,509168.1492,99370.24175,429707.831,111924.623,1352798.545,2862493394,178,,,,,,,
175,3/23/2016,984,380069.3833,74297.67118,320784.4734,83536.1192,1009847.577,2407430341,158,,,,,,,
176,3/24/2016,882,315701.505,61972.83131,266516.8758,69367.07312,838924.8568,2157879635,146,,,,,,,
177,3/25/2016,778,255227.5528,50549.4365,215569.0037,56041.97927,678405.5235,1903435778,134,,,,,,,
178,3/26/2016,984,378268.4394,73409.60169,319140.7274,83184.7574,1004849.071,2407430341,157,,,,,,,
179,3/27/2016,1030,407810.0274,78792.23255,343984.1872,89710.15673,1083185.896,2519972817,162,,,,,,,
180,3/28/2016,1020,400543.7537,77229.83717,337818.8804,88124.76744,1063823.344,2495507061,161,,,,,,,
181,3/29/2016,1010,393342.6296,75690.25305,331710.9325,86552.8466,1044637.983,2471041306,159,,,,,,,
182,3/30/2016,972,368204.2665,70821.77043,310504.319,81023.8476,977863.3444,2378071435,155,,,,,,,
183,3/31/2016,971,366984.757,70424.59399,309438.8654,80768.82674,974560.6874,2375624859,154,,,,,,,
184,4/1/2016,686,204210.2799,40484.24016,172488.2255,44836.49215,542815.2863,1678350827,122,,,,,,,
185,4/2/2016,507,122482.737,25510.98742,103751.5976,26786.64167,326082.3312,1240413804,99,,,,,,,
186,4/3/2016,496,117844.3311,24614.29025,99839.62488,25766.1348,313763.0305,1213501473,97,,,,,,,
187,4/4/2016,503,120469.3543,25054.40848,102036.972,26349.5866,320706.4213,1230627502,98,,,,,,,
188,4/5/2016,452,100424.8712,21324.58553,85168.21968,21926.54898,267532.35,1105852149,91,,,,,,,
189,4/6/2016,349,64783.66366,14588.68761,55155.93741,14068.63874,172951.8988,853854867,76,,,,,,,
190,4/7/2016,247,36043.71819,8868.384944,30894.45697,7754.446302,96580.04896,604304160.9,60,,,,,,,
191,4/8/2016,198,24743.08625,6463.542675,21319.11194,5284.641896,66488.64764,484421958.9,51,,,,,,,
192,4/9/2016,191,23240.5666,6128.973734,20042.15139,4957.626799,62481.13413,467295930.1,50,,,,,,,
193,4/10/2016,200,25085.90684,6528.072713,21606.91911,5360.486355,67396.97608,489315110,51,,,,,,,
194,4/11/2016,195,23992.85798,6284.770291,20677.92435,5122.598541,64481.54883,477082232.3,50,,,,,,,
195,4/12/2016,172,19361.90428,5251.496106,16742.31443,4114.698439,52130.03825,420810994.6,46,,,,,,,
196,4/13/2016,153,15848.18247,4441.684733,13749.57779,3352.330992,42746.97193,374326059.2,42,,,,,,,
197,4/14/2016,125,11225.4224,3331.027019,9800.265974,2353.627829,30381.68054,305821943.8,37,,,,,,,
198,4/15/2016,95,7028.239302,2253.555583,6195.065034,1453.776798,19121.31236,232424677.3,30,,,,,,,
199,4/16/2016,46,2038.260175,798.0234105,1854.074598,403.0511573,5640.486268,112542475.3,18,,,,,,,
200,4/17/2016,7.6,92.70414161,57.18814178,95.20583572,15.29401034,273.4818536,18593974.18,5,,,,,,,
201,4/18/2016,0,0,0,0,0,0,0,nd,,,,,,,
202,4/19/2016,0,0,0,0,0,0,0,nd,,,,,,,
203,4/20/2016,0,0,0,0,0,0,0,nd,,,,,,,
204,4/21/2016,0,0,0,0,0,0,0,nd,,,,,,,
205,4/22/2016,0,0,0,0,0,0,0,nd,,,,,,,
206,4/23/2016,0,0,0,0,0,0,0,nd,,,,,,,
207,4/24/2016,0,0,0,0,0,0,0,nd,,,,,,,
208,4/25/2016,0,0,0,0,0,0,0,nd,,,,,,,
209,4/26/2016,0,0,0,0,0,0,0,nd,,,,,,,
210,4/27/2016,0,0,0,0,0,0,0,nd,,,,,,,
211,4/28/2016,0,0,0,0,0,0,0,nd,,,,,,,
212,4/29/2016,0,0,0,0,0,0,0,nd,,,,,,,
213,4/30/2016,0,0,0,0,0,0,0,nd,,,,,,,
214,5/1/2016,0,0,0,0,0,0,0,nd,,,,,,,
215,5/2/2016,0,0,0,0,0,0,0,nd,,,,,,,
216,5/3/2016,0,0,0,0,0,0,0,nd,,,,,,,
217,5/4/2016,0,0,0,0,0,0,0,nd,,,,,,,
218,5/5/2016,0,0,0,0,0,0,0,nd,,,,,,,
219,5/6/2016,0,0,0,0,0,0,0,nd,,,,,,,
220,5/7/2016,0,0,0,0,0,0,0,nd,,,,,,,
221,5/8/2016,0,0,0,0,0,0,0,nd,,,,,,,
222,5/9/2016,0,0,0,0,0,0,0,nd,,,,,,,
223,5/10/2016,0,0,0,0,0,0,0,nd,,,,,,,
224,5/11/2016,0,0,0,0,0,0,0,nd,,,,,,,
225,5/12/2016,0,0,0,0,0,0,0,nd,,,,,,,
226,5/13/2016,0,0,0,0,0,0,0,nd,,,,,,,
227,5/14/2016,0,0,0,0,0,0,0,nd,,,,,,,
228,5/15/2016,0,0,0,0,0,0,0,nd,,,,,,,
229,5/16/2016,0,0,0,0,0,0,0,nd,,,,,,,
230,5/17/2016,0,0,0,0,0,0,0,nd,,,,,,,
231,5/18/2016,0,0,0,0,0,0,0,nd,,,,,,,
232,5/19/2016,0,0,0,0,0,0,0,nd,,,,,,,
233,5/20/2016,0,0,0,0,0,0,0,nd,,,,,,,
234,5/21/2016,0,0,0,0,0,0,0,nd,,,,,,,
235,5/22/2016,0,0,0,0,0,0,0,nd,,,,,,,
236,5/23/2016,0,0,0,0,0,0,0,nd,,,,,,,
237,5/24/2016,0,0,0,0,0,0,0,nd,,,,,,,
238,5/25/2016,0,0,0,0,0,0,0,nd,,,,,,,
239,5/26/2016,0,0,0,0,0,0,0,nd,,,,,,,
240,5/27/2016,0,0,0,0,0,0,0,nd,,,,,,,
241,5/28/2016,0,0,0,0,0,0,0,nd,,,,,,,
242,5/29/2016,0,0,0,0,0,0,0,nd,,,,,,,
243,5/30/2016,0,0,0,0,0,0,0,nd,,,,,,,
244,5/31/2016,0,0,0,0,0,0,0,nd,,,,,,,
245,6/1/2016,0,0,0,0,0,0,0,nd,,,,,,,
246,6/2/2016,0,0,0,0,0,0,0,nd,,,,,,,
247,6/3/2016,0,0,0,0,0,0,0,nd,,,,,,,
248,6/4/2016,0,0,0,0,0,0,0,nd,,,,,,,
249,6/5/2016,0,0,0,0,0,0,0,nd,,,,,,,
250,6/6/2016,0,0,0,0,0,0,0,nd,,,,,,,
251,6/7/2016,0,0,0,0,0,0,0,nd,,,,,,,
252,6/8/2016,0,0,0,0,0,0,0,nd,,,,,,,
253,6/9/2016,0,0,0,0,0,0,0,nd,,,,,,,
254,6/10/2016,0,0,0,0,0,0,0,nd,,,,,,,
255,6/11/2016,0,0,0,0,0,0,0,nd,,,,,,,
256,6/12/2016,0,0,0,0,0,0,0,nd,,,,,,,
257,6/13/2016,0,0,0,0,0,0,0,nd,,,,,,,
258,6/14/2016,0,0,0,0,0,0,0,nd,,,,,,,
259,6/15/2016,0,0,0,0,0,0,0,nd,,,,,,,
260,6/16/2016,0,0,0,0,0,0,0,nd,,,,,,,
261,6/17/2016,0,0,0,0,0,0,0,nd,,,,,,,
262,6/18/2016,0,0,0,0,0,0,0,nd,,,,,,,
263,6/19/2016,0,0,0,0,0,0,0,nd,,,,,,,
264,6/20/2016,0,0,0,0,0,0,0,nd,,,,,,,
265,6/21/2016,0,0,0,0,0,0,0,nd,,,,,,,
266,6/22/2016,0,0,0,0,0,0,0,nd,,,,,,,
267,6/23/2016,0,0,0,0,0,0,0,nd,,,,,,,
268,6/24/2016,0,0,0,0,0,0,0,nd,,,,,,,
269,6/25/2016,0,0,0,0,0,0,0,nd,,,,,,,
270,6/26/2016,0,0,0,0,0,0,0,nd,,,,,,,
271,6/27/2016,0,0,0,0,0,0,0,nd,,,,,,,
272,6/28/2016,0,0,0,0,0,0,0,nd,,,,,,,
273,6/29/2016,0,0,0,0,0,0,0,nd,,,,,,,
274,6/30/2016,0,0,0,0,0,0,0,nd,,,,,,,
275,7/1/2016,0,0,0,0,0,0,0,nd,,,,,,,
276,7/2/2016,0,0,0,0,0,0,0,nd,,,,,,,
277,7/3/2016,0,0,0,0,0,0,0,nd,,,,,,,
278,7/4/2016,0,0,0,0,0,0,0,nd,,,,,,,
279,7/5/2016,0,0,0,0,0,0,0,nd,,,,,,,
280,7/6/2016,0,0,0,0,0,0,0,nd,,,,,,,
281,7/7/2016,0,0,0,0,0,0,0,nd,,,,,,,
282,7/8/2016,0,0,0,0,0,0,0,nd,,,,,,,
283,7/9/2016,0,0,0,0,0,0,0,nd,,,,,,,
284,7/10/2016,0,0,0,0,0,0,0,nd,,,,,,,
285,7/11/2016,0,0,0,0,0,0,0,nd,,,,,,,
286,7/12/2016,0,0,0,0,0,0,0,nd,,,,,,,
287,7/13/2016,0,0,0,0,0,0,0,nd,,,,,,,
288,7/14/2016,0,0,0,0,0,0,0,nd,,,,,,,
289,7/15/2016,0,0,0,0,0,0,0,nd,,,,,,,
290,7/16/2016,0,0,0,0,0,0,0,nd,,,,,,,
291,7/17/2016,0,0,0,0,0,0,0,nd,,,,,,,
292,7/18/2016,0,0,0,0,0,0,0,nd,,,,,,,
293,7/19/2016,0,0,0,0,0,0,0,nd,,,,,,,
294,7/20/2016,0,0,0,0,0,0,0,nd,,,,,,,
295,7/21/2016,0,0,0,0,0,0,0,nd,,,,,,,
296,7/22/2016,0,0,0,0,0,0,0,nd,,,,,,,
297,7/23/2016,5.4,43.29693078,30.44562237,46.80502358,6.59365292,131.1010235,13211507.97,3,,,,,,,
298,7/24/2016,23,524.6490336,257.8876253,502.0654746,96.31938152,1491.702959,56271237.65,9,,,,,,,
299,7/25/2016,0.2,0.13763454,0.207841216,0.236576706,0.009439157,0.507488567,489315.11,0,,,,,,,
300,7/26/2016,0,0,0,0,0,0,0,nd,,,,,,,
301,7/27/2016,0,0,0,0,0,0,0,nd,,,,,,,
302,7/28/2016,0,0,0,0,0,0,0,nd,,,,,,,
303,7/29/2016,0,0,0,0,0,0,0,nd,,,,,,,
304,7/30/2016,0,0,0,0,0,0,0,nd,,,,,,,
305,7/31/2016,0,0,0,0,0,0,0,nd,,,,,,,
306,8/1/2016,0,0,0,0,0,0,0,nd,,,,,,,
307,8/2/2016,0,0,0,0,0,0,0,nd,,,,,,,
308,8/3/2016,0,0,0,0,0,0,0,nd,,,,,,,
309,8/4/2016,0,0,0,0,0,0,0,nd,,,,,,,
310,8/5/2016,0,0,0,0,0,0,0,nd,,,,,,,
311,8/6/2016,0,0,0,0,0,0,0,nd,,,,,,,
312,8/7/2016,0,0,0,0,0,0,0,nd,,,,,,,
313,8/8/2016,0,0,0,0,0,0,0,nd,,,,,,,
314,8/9/2016,0,0,0,0,0,0,0,nd,,,,,,,
315,8/10/2016,0,0,0,0,0,0,0,nd,,,,,,,
316,8/11/2016,0,0,0,0,0,0,0,nd,,,,,,,
317,8/12/2016,0,0,0,0,0,0,0,nd,,,,,,,
318,8/13/2016,0,0,0,0,0,0,0,nd,,,,,,,
319,8/14/2016,0,0,0,0,0,0,0,nd,,,,,,,
320,8/15/2016,0,0,0,0,0,0,0,nd,,,,,,,
321,8/16/2016,0,0,0,0,0,0,0,nd,,,,,,,
322,8/17/2016,0,0,0,0,0,0,0,nd,,,,,,,
323,8/18/2016,0,0,0,0,0,0,0,nd,,,,,,,
324,8/19/2016,0,0,0,0,0,0,0,nd,,,,,,,
325,8/20/2016,0,0,0,0,0,0,0,nd,,,,,,,
326,8/21/2016,0,0,0,0,0,0,0,nd,,,,,,,
327,8/22/2016,0,0,0,0,0,0,0,nd,,,,,,,
328,8/23/2016,0,0,0,0,0,0,0,nd,,,,,,,
329,8/24/2016,0,0,0,0,0,0,0,nd,,,,,,,
330,8/25/2016,0,0,0,0,0,0,0,nd,,,,,,,
331,8/26/2016,0,0,0,0,0,0,0,nd,,,,,,,
332,8/27/2016,0,0,0,0,0,0,0,nd,,,,,,,
333,8/28/2016,0,0,0,0,0,0,0,nd,,,,,,,
334,8/29/2016,1.2,2.970275292,3.040275988,3.897559917,0.32882281,9.857556031,2935890.66,1,,,,,,,
335,8/30/2016,0,0,0,0,0,0,0,nd,,,,,,,
336,8/31/2016,0,0,0,0,0,0,0,nd,,,,,,,
337,9/1/2016,0,0,0,0,0,0,0,nd,,,,,,,
338,9/2/2016,0,0,0,0,0,0,0,nd,,,,,,,
339,9/3/2016,0,0,0,0,0,0,0,nd,,,,,,,
340,9/4/2016,0,0,0,0,0,0,0,nd,,,,,,,
341,9/5/2016,0,0,0,0,0,0,0,nd,,,,,,,
342,9/6/2016,0,0,0,0,0,0,0,nd,,,,,,,
343,9/7/2016,0,0,0,0,0,0,0,nd,,,,,,,
344,9/8/2016,0,0,0,0,0,0,0,nd,,,,,,,
345,9/9/2016,0,0,0,0,0,0,0,nd,,,,,,,
346,9/10/2016,0,0,0,0,0,0,0,nd,,,,,,,
347,9/11/2016,0,0,0,0,0,0,0,nd,,,,,,,
348,9/12/2016,0,0,0,0,0,0,0,nd,,,,,,,
349,9/13/2016,0,0,0,0,0,0,0,nd,,,,,,,
350,9/14/2016,0,0,0,0,0,0,0,nd,,,,,,,
351,9/15/2016,0,0,0,0,0,0,0,nd,,,,,,,
352,9/16/2016,0,0,0,0,0,0,0,nd,,,,,,,
353,9/17/2016,0,0,0,0,0,0,0,nd,,,,,,,
354,9/18/2016,0,0,0,0,0,0,0,nd,,,,,,,
355,9/19/2016,0,0,0,0,0,0,0,nd,,,,,,,
356,9/20/2016,0,0,0,0,0,0,0,nd,,,,,,,
357,9/21/2016,0,0,0,0,0,0,0,nd,,,,,,,
358,9/22/2016,0,0,0,0,0,0,0,nd,,,,,,,
359,9/23/2016,0,0,0,0,0,0,0,nd,,,,,,,
360,9/24/2016,0,0,0,0,0,0,0,nd,,,,,,,
361,9/25/2016,1.1,2.42585826,2.584575196,3.263012054,0.257391954,8.138425268,2691233.105,1,,,,,,,
362,9/26/2016,13,175.3847163,104.5963568,177.9804962,29.46991112,514.2178265,31805482.15,6,,,,,,,
363,9/27/2016,0,0,0,0,0,0,0,nd,,,,,,,
364,9/28/2016,0,0,0,0,0,0,0,nd,,,,,,,
365,9/29/2016,0,0,0,0,0,0,0,nd,,,,,,,
366,9/30/2016,0,0,0,0,0,0,0,nd,,,,,,,
367,10/1/2016,0,0,0,0,0,0,0,nd,,,,,,,
368,10/2/2016,0,0,0,0,0,0,0,nd,,,,,,,
369,10/3/2016,0,0,0,0,0,0,0,nd,,,,,,,
370,10/4/2016,18,302.7193609,167.6372618,299.8007922,52.78935104,876.3772971,44038359.9,7,,,,,,,
371,10/5/2016,2.3,8.604258593,7.796110125,10.52087054,1.07290133,27.65511389,5627123.765,2,,,,,,,
372,10/6/2016,0,0,0,0,0,0,0,nd,,,,,,,
373,10/7/2016,0,0,0,0,0,0,0,nd,,,,,,,
374,10/8/2016,0,0,0,0,0,0,0,nd,,,,,,,
375,10/9/2016,0,0,0,0,0,0,0,nd,,,,,,,
376,10/10/2016,0,0,0,0,0,0,0,nd,,,,,,,
377,10/11/2016,0,0,0,0,0,0,0,nd,,,,,,,
378,10/12/2016,0,0,0,0,0,0,0,nd,,,,,,,
379,10/13/2016,0,0,0,0,0,0,0,nd,,,,,,,
380,10/14/2016,0,0,0,0,0,0,0,nd,,,,,,,
381,10/15/2016,0,0,0,0,0,0,0,nd,,,,,,,
382,10/16/2016,0,0,0,0,0,0,0,nd,,,,,,,
383,10/17/2016,0,0,0,0,0,0,0,nd,,,,,,,
384,10/18/2016,0,0,0,0,0,0,0,nd,,,,,,,
385,10/19/2016,0,0,0,0,0,0,0,nd,,,,,,,
386,10/20/2016,0,0,0,0,0,0,0,nd,,,,,,,
387,10/21/2016,0,0,0,0,0,0,0,nd,,,,,,,
388,10/22/2016,0,0,0,0,0,0,0,nd,,,,,,,
389,10/23/2016,0,0,0,0,0,0,0,nd,,,,,,,
390,10/24/2016,0,0,0,0,0,0,0,nd,,,,,,,
391,10/25/2016,0,0,0,0,0,0,0,nd,,,,,,,
392,10/26/2016,0,0,0,0,0,0,0,nd,,,,,,,
393,10/27/2016,0,0,0,0,0,0,0,nd,,,,,,,
394,10/28/2016,0,0,0,0,0,0,0,nd,,,,,,,
395,10/29/2016,0,0,0,0,0,0,0,nd,,,,,,,
396,10/30/2016,0,0,0,0,0,0,0,nd,,,,,,,
397,10/31/2016,0,0,0,0,0,0,0,nd,,,,,,,
398,11/1/2016,0,0,0,0,0,0,0,nd,,,,,,,
399,11/2/2016,0,0,0,0,0,0,0,nd,,,,,,,
400,11/3/2016,0,0,0,0,0,0,0,nd,,,,,,,
401,11/4/2016,0,0,0,0,0,0,0,nd,,,,,,,
402,11/5/2016,0,0,0,0,0,0,0,nd,,,,,,,
403,11/6/2016,0,0,0,0,0,0,0,nd,,,,,,,
404,11/7/2016,0,0,0,0,0,0,0,nd,,,,,,,
405,11/8/2016,0,0,0,0,0,0,0,nd,,,,,,,
406,11/9/2016,0,0,0,0,0,0,0,nd,,,,,,,
407,11/10/2016,0,0,0,0,0,0,0,nd,,,,,,,
408,11/11/2016,0,0,0,0,0,0,0,nd,,,,,,,
409,11/12/2016,0,0,0,0,0,0,0,nd,,,,,,,
410,11/13/2016,0,0,0,0,0,0,0,nd,,,,,,,
411,11/14/2016,0,0,0,0,0,0,0,nd,,,,,,,
412,11/15/2016,0,0,0,0,0,0,0,nd,,,,,,,
413,11/16/2016,0,0,0,0,0,0,0,nd,,,,,,,
414,11/17/2016,0,0,0,0,0,0,0,nd,,,,,,,
415,11/18/2016,0,0,0,0,0,0,0,nd,,,,,,,
416,11/19/2016,0,0,0,0,0,0,0,nd,,,,,,,
417,11/20/2016,0,0,0,0,0,0,0,nd,,,,,,,
418,11/21/2016,0,0,0,0,0,0,0,nd,,,,,,,
419,11/22/2016,0,0,0,0,0,0,0,nd,,,,,,,
420,11/23/2016,0,0,0,0,0,0,0,nd,,,,,,,
421,11/24/2016,0,0,0,0,0,0,0,nd,,,,,,,
422,11/25/2016,0,0,0,0,0,0,0,nd,,,,,,,
423,11/26/2016,0,0,0,0,0,0,0,nd,,,,,,,
424,11/27/2016,0,0,0,0,0,0,0,nd,,,,,,,
425,11/28/2016,0,0,0,0,0,0,0,nd,,,,,,,
426,11/29/2016,0,0,0,0,0,0,0,nd,,,,,,,
427,11/30/2016,0,0,0,0,0,0,0,nd,,,,,,,
428,12/1/2016,0,0,0,0,0,0,0,nd,,,,,,,
429,12/2/2016,0,0,0,0,0,0,0,nd,,,,,,,
430,12/3/2016,0,0,0,0,0,0,0,nd,,,,,,,
431,12/4/2016,0,0,0,0,0,0,0,nd,,,,,,,
432,12/5/2016,0,0,0,0,0,0,0,nd,,,,,,,
433,12/6/2016,0,0,0,0,0,0,0,nd,,,,,,,
434,12/7/2016,0,0,0,0,0,0,0,nd,,,,,,,
435,12/8/2016,0,0,0,0,0,0,0,nd,,,,,,,
436,12/9/2016,0,0,0,0,0,0,0,nd,,,,,,,
437,12/10/2016,0,0,0,0,0,0,0,nd,,,,,,,
438,12/11/2016,180,13783.52951,4400.040923,12142.43983,2853.45637,37488.13824,440383599,31,,,,,,,
439,12/12/2016,134,8321.665761,2901.195746,7423.056833,1692.406074,22786.83957,327841123.7,25,,,,,,,
440,12/13/2016,37,919.0210523,455.1918114,881.2405153,168.215549,2615.792252,90523295.35,10,,,,,,,
441,12/14/2016,15,194.0906625,120.4769046,199.7764793,31.909724,573.2387222,36698633.25,5,,,,,,,
442,12/15/2016,15,193.7295619,120.3792055,199.4810796,31.83156671,572.2846972,36698633.25,5,,,,,,,
443,12/16/2016,2110,879619.973,146186.4306,736871.725,195337.3839,2327578.943,5162274411,170,,,,,,,
444,12/17/2016,832,182949.2331,37018.25006,154707.3735,40104.77749,486606.7226,2035550858,90,,,,,,,
445,12/18/2016,286,29916.53508,8400.960254,25960.31658,6326.362752,80702.23153,699720607.3,43,,,,,,,
446,12/19/2016,121,6904.593461,2504.257133,6197.599703,1391.725358,18970.47573,296035641.6,23,,,,,,,
447,12/20/2016,63,2259.146268,981.9224928,2098.773343,433.261892,6322.81861,154134259.7,15,,,,,,,
448,12/21/2016,40,1035.248904,507.3950593,989.9299997,190.275242,2942.270629,97863022,11,,,,,,,
449,12/22/2016,26,493.0418957,269.7588252,486.4655071,86.46590049,1424.575278,63610964.3,8,,,,,,,
450,12/23/2016,22,369.2041294,210.7682,369.2119952,63.44209905,1074.277074,53824662.1,7,,,,,,,
451,12/24/2016,34,778.9119141,399.3398928,753.9764786,140.5775937,2228.082673,83183568.7,9,,,,,,,
452,12/25/2016,72,2813.358135,1187.641796,2597.376423,544.4847072,7847.665537,176153439.6,16,,,,,,,
453,12/26/2016,38,939.3316151,469.2880902,902.8077007,171.3408072,2676.882524,92969870.9,10,,,,,,,
454,12/27/2016,22,366.4706046,210.147343,367.0156227,62.8322389,1067.136249,53824662.1,7,,,,,,,
455,12/28/2016,15,189.08528,119.133021,195.6927613,30.82502056,560.0269131,36698633.25,5,,,,,,,
456,12/29/2016,11,110.4989034,75.04921976,117.7443781,17.21357372,332.1676961,26912331.05,4,,,,,,,
457,12/30/2016,8.4,69.19955331,50.13633752,75.77508241,10.32570773,210.8855219,20551234.62,3,,,,,,,
458,12/31/2016,6.4,43.13747929,33.33667872,48.63966782,6.142407359,133.3776887,15658083.52,3,,,,,,,
459,1/1/2017,5,28.06733495,22.99054726,32.55214988,3.818189559,87.97962597,12232877.75,2,,,,,,,
460,1/2/2017,4,19.019142,16.41739349,22.65808652,2.476027942,60.38682513,9786302.2,2,,,,,,,
461,1/3/2017,4.7,25.11456132,20.90944868,29.36695431,3.371168693,79.03433227,11498905.09,2,,,,,,,
462,1/4/2017,895,200516.7295,41519.99451,169792.0903,43873.84124,533727.0364,2189685117,92,,,,,,,
463,1/5/2017,834,177657.0934,37596.01049,150635.157,38800.69931,473224.207,2040444009,87,,,,,,,
464,1/6/2017,271,26386.85457,7797.050741,23025.64764,5536.303254,71397.33468,663021974.1,40,,,,,,,
465,1/7/2017,289,29381.16501,8533.853521,25588.8044,6181.420171,79415.38312,707060334,42,,,,,,,
466,1/8/2017,4450,2958563.5,522056.0523,2484638.143,654755.7782,7839448.956,10887261198,272,,,,,,,
467,1/9/2017,12200,15937578.85,3506552.286,13547466.49,3468703.13,42511284.23,29848221710,534,,,,,,,
468,1/10/2017,5240,3876740.031,701989.7983,3259545.596,856576.0722,10278977.26,12820055882,302,,,,,,,
469,1/11/2017,12800,17206989.86,3842029.621,14641150.62,3739789.922,45922389.54,31316167040,549,,,,,,,
470,1/12/2017,5290,3925345.732,714213.1846,3301151.719,867048.4843,10409129.65,12942384660,303,,,,,,,
471,1/13/2017,4290,2758555.258,489491.2347,2317243.44,610283.9559,7310471.581,10495809110,263,,,,,,,
472,1/14/2017,3450,1910772.402,334801.6936,1604194.908,423050.1096,5062209.116,8440685648,226,,,,,,,
473,1/15/2017,3250,1725543.957,302583.3032,1448735.265,382022.0954,4571569.024,7951370538,217,,,,,,,
474,1/16/2017,3070,1565408.056,275049.9829,1314402.512,346527.75,4147511.054,7510986939,208,,,,,,,
475,1/17/2017,2950,1461478.261,257504.9445,1227287.369,323466.8626,3872411.112,7217397873,202,,,,,,,
476,1/18/2017,2980,1483940.559,262064.679,1246276.7,328392.5758,3932147.18,7290795139,204,,,,,,,
477,1/19/2017,7210,6511098.272,1267626.302,5494267.939,1431517.139,17297973.29,17639809716,369,,,,,,,
478,1/20/2017,6970,6142212.29,1189136.913,5181455.133,1350966.621,16315309.14,17052631584,360,,,,,,,
479,1/21/2017,7170,6428694.026,1253569.965,5425191.376,1413235.029,17079841.84,17541946694,366,,,,,,,
480,1/22/2017,8050,7787817.293,1558937.958,6581598.186,1708626.075,20707050.79,19694933178,395,,,,,,,
481,1/23/2017,7510,6922594.783,1366748.718,5845916.607,1520401.958,18398805.17,18373782381,377,,,,,,,
482,1/24/2017,4890,3370481.214,619979.8872,2835982.025,743958.9277,8940281.541,11963754440,282,,,,,,,
483,1/25/2017,4260,2670236.417,485343.8283,2245516.42,589853.5034,7080675.302,10422411843,256,,,,,,,
484,1/26/2017,3580,1991183.988,359112.5474,1673867.778,440069.8586,5278984.896,8758740469,227,,,,,,,
485,1/27/2017,3590,1997046.856,361051.2645,1678985.641,441297.1132,5294855.693,8783206225,227,,,,,,,
486,1/28/2017,3450,1864827.968,337601.3835,1567922.455,412044.7001,4944467.106,8440685648,221,,,,,,,
487,1/29/2017,3350,1771897.278,321414.025,1489924.743,391461.502,4698304.702,8196028093,216,,,,,,,
488,1/30/2017,3260,1689757.109,307219.4887,1421008.347,373259.3625,4480767.822,7975836293,212,,,,,,,
489,1/31/2017,3190,1626436.165,296457.551,1367920.812,359213.3167,4313139.058,7804576005,208,,,,,,,
490,2/1/2017,3120,1564213.138,285892.9429,1315756.502,345409.8349,4148421.514,7633315716,205,,,,,,,
491,2/2/2017,3250,1672277.918,306328.4084,1406805.335,369218.9194,4435275.426,7951370538,210,,,,,,,
492,2/3/2017,4690,3088655.552,577217.1217,2600848.477,681030.2996,8196186.41,11474439330,269,,,,,,,
493,2/4/2017,4600,2984764.18,557985.5084,2513406.021,658108.1377,7920566.395,11254247530,265,,,,,,,
494,2/5/2017,3850,2210692.377,409343.6343,1860707.462,487747.4305,5864937.098,9419315868,235,,,,,,,
495,2/6/2017,4700,3083573.216,580092.3328,2597420.399,679602.5299,8184170.286,11498905085,268,,,,,,,
496,2/7/2017,9490,9974028.775,2114172.919,8457825.997,2178042.056,26569249.21,23218001970,430,,,,,,,
497,2/8/2017,9310,9643461.774,2037948.921,8175973.934,2106403.26,25686029.19,22777618371,423,,,,,,,
498,2/9/2017,6470,5239099.739,1033163.997,4423975.163,1150759.044,13923942.09,15829343809,331,,,,,,,
499,2/10/2017,9630,10168316.62,2170776.642,8626446.803,2219091.169,27093450.08,23560522547,432,,,,,,,
500,2/11/2017,5940,4525035.633,884103.8823,3819091.556,994604.6931,12022870.24,14532658767,311,,,,,,,
501,2/12/2017,5020,3407673.77,653561.9115,2873240.818,750017.5665,9049234.675,12281809261,277,,,,,,,
502,2/13/2017,4620,2959784.616,564600.5766,2494900.81,651688.6407,7858646.206,11303179041,262,,,,,,,
503,2/14/2017,4350,2670866.653,508425.7676,2251122.255,588160.8053,7091113.965,10642603643,251,,,,,,,
504,2/15/2017,4150,2463825.16,468839.802,2076579.509,542581.5992,6541354.016,10153288533,243,,,,,,,
505,2/16/2017,4160,2469468.84,471094.0399,2081602.958,543728.3525,6556798.249,10177754288,243,,,,,,,
506,2/17/2017,5400,3817413.459,745769.1332,3221846.142,839075.6321,10142709.89,13211507970,289,,,,,,,
507,2/18/2017,15100,21240423.95,5101730.934,18170672.68,4582034.133,56853929.2,36943290805,575,,,,,,,
508,2/19/2017,7490,6577893.352,1353063.546,5567789.423,1440051.741,17504990.23,18324850870,359,,,,,,,
509,2/20/2017,7000,5863832.249,1194527.245,4960560.375,1284735.896,15599887.61,17126028850,342,,,,,,,
510,2/21/2017,12400,15215281.1,3490717.424,12971260.92,3298130.842,40649429.43,30337536820,502,,,,,,,
511,2/22/2017,7500,6558346.585,1356338.442,5553021.733,1435137.206,17456031.91,18349316625,357,,,,,,,
512,2/23/2017,6150,4696968.797,943981.6403,3970368.983,1030182.535,12490321.32,15046439633,312,,,,,,,
513,2/24/2017,5520,3912512.766,777658.0287,3305215.029,858863.3406,10400740.19,13505097036,290,,,,,,,
514,2/25/2017,5040,3353485.982,662043.2391,2831904.254,736526.3025,8912844.097,12330740772,272,,,,,,,
515,2/26/2017,4870,3160523.222,623589.0885,2668869.766,694176.0491,8399845.735,11914822929,265,,,,,,,
516,2/27/2017,4680,2951365.375,581975.6115,2492167.984,648265.6739,7843819.663,11449973574,258,,,,,,,
517,2/28/2017,4490,2748390.246,541832.4302,2320745.634,603692.2651,7304326.498,10985124220,250,,,,,,,
518,3/1/2017,4310,2561608.261,505165.8074,2163063.156,562651.9078,6807983.826,10544740621,243,,,,,,,
519,3/2/2017,4000,2256110.21,444806.4992,1905069.283,495559.3811,5996016.415,9786302200,231,,,,,,,
520,3/3/2017,3910,2167753.127,428240.3477,1830659.765,476079.9094,5761535.736,9566110401,227,,,,,,,
521,3/4/2017,3840,2099311.816,415649.1574,1773078.968,460970.7747,5580005.023,9394850112,223,,,,,,,
522,3/5/2017,3890,2141619.226,425210.0605,1809089.81,470160.9574,5692937.98,9517178890,225,,,,,,,
523,3/6/2017,3800,2055477.713,409023.81,1736539.213,451172.4688,5464324.943,9296987090,221,,,,,,,
524,3/7/2017,3730,1988801.052,396724.9881,1680437.02,436455.1179,5287464.224,9125726802,218,,,,,,,
525,3/8/2017,3660,1923140.645,384611.9384,1625190.064,421962.0474,5113299.362,8954466513,215,,,,,,,
526,3/9/2017,3600,1867198.406,374423.6006,1578151.78,409602.6781,4964966.726,8807671980,212,,,,,,,
527,3/10/2017,3530,1803442.718,362651.3825,1524506.161,395530.5433,4795851.827,8636411692,209,,,,,,,
528,3/11/2017,3440,1723837.942,347690.7379,1457463.175,377982.2877,4584590.403,8416219892,205,,,,,,,
529,3/12/2017,3180,1507949.701,305594.2591,1275280.933,330521.0007,4011026.199,7780110249,194,,,,,,,
530,3/13/2017,3130,1465720.546,298031.7957,1239806.445,321179.4368,3899111.481,7657781472,191,,,,,,,
531,3/14/2017,3080,1424057.835,290556.7654,1204805.2,311964.1359,3788693.418,7535452694,189,,,,,,,
532,3/15/2017,3030,1382961.397,283168.6097,1170276.93,302875.1051,3679771.335,7413123917,187,,,,,,,
533,3/16/2017,2990,1350012.365,277376.6508,1142626.441,295576.3779,3592499.094,7315260895,185,,,,,,,
534,3/17/2017,2930,1302466.846,268650.8004,1102638.407,285075.9215,3466412.964,7168466362,182,,,,,,,
535,3/18/2017,2890,1270451.162,262993.8668,1075765.721,277985.9589,3381603.387,7070603340,180,,,,,,,
536,3/19/2017,2830,1224236.324,254474.3572,1036889.442,267782.1052,3259033.212,6923808807,177,,,,,,,
537,3/20/2017,2680,1115102.785,233344.8633,944839.7206,243774.1827,2969168.17,6556822474,170,,,,,,,
538,3/21/2017,2780,1183860.385,247773.498,1003108.851,258801.807,3152265.257,6801480029,174,,,,,,,
539,3/22/2017,2840,1224960.938,256733.2187,1038022.586,267755.1866,3261855.771,6948274562,176,,,,,,,
540,3/23/2017,1970,660646.3535,144140.2409,561258.2004,143896.1873,1761645.371,4819753834,137,,,,,,,
541,3/24/2017,1830,582427.3956,128788.4478,495249.5349,126701.9959,1553831.185,4477233257,130,,,,,,,
542,3/25/2017,2210,798921.8662,172793.9147,678343.8475,174151.891,2129698.011,5406931966,148,,,,,,,
543,3/26/2017,1900,618241.0084,136750.4214,525713.6739,134488.9927,1649395.747,4648493545,133,,,,,,,
544,3/27/2017,1810,568667.7604,127046.9897,483889.4296,123588.2058,1517705.828,4428301746,128,,,,,,,
545,3/28/2017,1740,531131.0417,119723.6657,452228.9824,115331.175,1418005.41,4257041457,125,,,,,,,
546,3/29/2017,1680,499716.6384,113596.9156,425735.0175,108420.0591,1334570.618,4110246924,122,,,,,,,
547,3/30/2017,1640,478952.9701,109618.496,408243.8631,103844.975,1279458.226,4012383902,119,,,,,,,
548,3/31/2017,1160,266472.354,65229.96524,228307.9683,57362.35618,713855.917,2838027638,94,,,,,,,
549,4/1/2017,993,204531.5214,51885.23501,175766.3526,43844.34633,548822.6132,2429449521,84,,,,,,,
550,4/2/2017,770,132761.9996,35772.22549,114725.8323,28239.424,357323.1388,1883863174,70,,,,,,,
551,4/3/2017,674,105762.8135,29486.12155,91707.67981,22388.92659,285186.983,1648991921,64,,,,,,,
552,4/4/2017,551,75023.44198,22020.77449,65416.88102,15757.81045,202913.5757,1348063128,56,,,,,,,
553,4/5/2017,456,54317.37497,16749.03696,47639.49384,11315.18751,147377.5294,1115638451,49,,,,,,,
554,4/6/2017,446,52214.29675,16226.76926,45839.50313,10862.15227,141746.1305,1091172695,48,,,,,,,
555,4/7/2017,1260,302558.4222,74275.23333,259286.3344,65109.25619,810630.7375,3082685193,98,,,,,,,
556,4/8/2017,1740,520709.7399,121143.9513,444368.5918,112710.6414,1391918.071,4257041457,122,,,,,,,
557,4/9/2017,1830,565900.5802,131038.1526,482765.4865,122551.8678,1512429.907,4477233257,126,,,,,,,
558,4/10/2017,1450,381451.8925,91998.74601,326429.2475,82250.40555,1021208.355,3547534548,108,,,,,,,
559,4/11/2017,1390,354544.6603,86404.45599,303656.7719,76359.70816,949606.4767,3400740015,104,,,,,,,
560,4/12/2017,1380,349614.3945,85554.95388,299534.5076,75262.72565,936572.7327,3376274259,104,,,,,,,
561,4/13/2017,1530,415377.4772,100095.8767,355437.2631,89573.99939,1111991.674,3743260592,111,,,,,,,
562,4/14/2017,1510,405520.0328,98218.1254,347142.7516,87399.04294,1085842.72,3694329081,110,,,,,,,
563,4/15/2017,1420,364901.7986,89588.05667,312715.6478,78524.46654,977668.4206,3474137281,105,,,,,,,
564,4/16/2017,1410,359920.0286,88725.39915,308549.7927,77416.24745,964497.5478,3449671526,104,,,,,,,
565,4/17/2017,1610,449411.099,108608.1974,384647.4415,96882.41782,1203251.714,3938986636,114,,,,,,,
566,4/18/2017,1610,448597.118,108719.9061,384037.9608,96676.37861,1201221.358,3938986636,114,,,,,,,
567,4/19/2017,1580,433795.9305,105756.4029,371543.8961,93424.58768,1161890.214,3865589369,112,,,,,,,
568,4/20/2017,1260,295494.6885,75201.61917,254007.7677,63318.85042,793026.8959,3082685193,96,,,,,,,
569,4/21/2017,1220,279310.2491,71718.49379,240284.5721,59785.13638,749914.1976,2984822171,94,,,,,,,
570,4/22/2017,1180,263529.7965,68290.83497,226896.1053,56342.44157,707864.1578,2886959149,91,,,,,,,
571,4/23/2017,833,145954.2459,40770.71796,126583.516,30888.29519,393605.5486,2037997433,72,,,,,,,
572,4/24/2017,627,90029.65019,26884.05322,78657.16936,18857.02264,243762.7625,1534002870,59,,,,,,,
573,4/25/2017,477,56507.24708,18039.67813,49779.82822,11697.94756,153687.874,1167016537,48,,,,,,,
574,4/26/2017,364,35628.80043,12167.12313,31682.96315,7278.090378,97397.00194,890553500.2,40,,,,,,,
575,4/27/2017,300,25593.86024,9180.354928,22932.00174,5172.099058,70251.40054,733972665,35,,,,,,,
576,4/28/2017,187,11416.43381,4603.834502,10443.19662,2239.286036,31688.13146,457509627.9,25,,,,,,,
577,4/29/2017,212,14114.16491,5531.287157,12841.0257,2790.259921,39061.91322,518674016.6,27,,,,,,,
578,4/30/2017,314,27505.15645,9818.570508,24625.59685,5564.450711,75466.30578,768224722.7,36,,,,,,,
579,5/1/2017,235,16760.01516,6431.083706,15189.65955,3331.758673,46288.5202,574945254.3,29,,,,,,,
580,5/2/2017,209,13697.93419,5418.004941,12483.88859,2701.225206,37945.2088,511334290,27,,,,,,,
581,5/3/2017,118,5150.874907,2341.941081,4834.341325,973.1690973,14494.87732,288695914.9,18,,,,,,,
582,5/4/2017,145,7311.661235,3170.019,6788.905628,1403.360123,20457.63685,354753454.8,21,,,,,,,
583,5/5/2017,185,11062.21589,4531.902327,10150.63572,2160.066121,30756.15909,452616476.8,24,,,,,,,
584,5/6/2017,278,22106.51531,8227.938867,19928.71818,4428.416149,60879.57978,680148002.9,33,,,,,,,
585,5/7/2017,371,36055.25806,12552.50421,32155.02265,7334.90751,98717.12567,907679529.1,40,,,,,,,
586,5/8/2017,271,21087.79042,7929.146605,19043.67562,4213.726643,58128.96763,663021974.1,32,,,,,,,
587,5/9/2017,127,5774.621079,2607.077892,5410.837693,1093.657776,16235.87833,310715094.9,19,,,,,,,
588,5/10/2017,62,1687.719899,903.2422148,1654.112706,298.9768347,4859.377475,151687684.1,11,,,,,,,
589,5/11/2017,38,726.4066272,435.8638538,738.7169384,121.6635496,2132.109655,92969870.9,8,,,,,,,
590,5/12/2017,40,791.8761152,470.288079,802.4384195,133.3531381,2320.003602,97863022,8,,,,,,,
591,5/13/2017,39,756.6694896,452.6519633,768.6848617,126.9364199,2219.730269,95416446.45,8,,,,,,,
592,5/14/2017,48,1079.194121,616.5073853,1079.460339,185.3795206,3140.510567,117435626.4,9,,,,,,,
593,5/15/2017,35,625.6954645,384.7715244,641.8524772,103.4054881,1844.756666,85630144.25,7,,,,,,,
594,5/16/2017,27,399.4060386,260.8736774,419.0449517,63.74666706,1191.23016,66057539.85,6,,,,,,,
595,5/17/2017,25,349.1038173,232.3383482,368.9740873,55.08235082,1045.106083,61164388.75,6,,,,,,,
596,5/18/2017,24,324.7418243,218.4244006,344.6781438,50.90102331,974.2581335,58717813.2,6,,,,,,,
597,5/19/2017,22,278.9390291,191.5875846,298.5954285,43.14139428,840.4548132,53824662.1,5,,,,,,,
598,5/20/2017,23,300.5831283,204.6845819,320.6325049,46.74709483,904.0592093,56271237.65,5,,,,,,,
599,5/21/2017,23,299.9966464,204.5677156,320.1873214,46.61461814,902.5522086,56271237.65,5,,,,,,,
600,5/22/2017,26,369.9022952,245.7258309,390.6703473,58.43076342,1106.958774,63610964.3,6,,,,,,,
601,5/23/2017,19,214.8906709,153.358512,233.772632,32.40044953,652.7390464,46484935.45,5,,,,,,,
602,5/24/2017,18,195.3507656,141.2979042,213.7565996,29.18354052,595.1133806,44038359.9,4,,,,,,,
603,5/25/2017,24,320.3337115,217.5656003,341.3379705,49.90178983,962.9460198,58717813.2,5,,,,,,,
604,5/26/2017,23,297.0785656,203.9863258,317.9745496,45.95568776,895.0550723,56271237.65,5,,,,,,,
605,5/27/2017,18,194.2035748,141.0396163,212.8795136,28.93030236,592.1430878,44038359.9,4,,,,,,,
606,5/28/2017,28,415.4112109,273.7133859,437.3263935,65.94957179,1241.118614,68504115.4,6,,,,,,,
607,5/29/2017,20,232.0429883,165.0615435,252.0795658,35.06412986,704.3472495,48931511,5,,,,,,,
608,5/30/2017,16,157.5108929,117.902705,175.0041339,22.96469667,483.4914181,39145208.8,4,,,,,,,
609,5/31/2017,19,211.5430006,152.6241364,231.2197026,31.65781654,644.0873084,46484935.45,5,,,,,,,
610,6/1/2017,29,437.8741803,287.8947384,460.5869643,69.60695289,1307.671536,70950690.95,6,,,,,,,
611,6/2/2017,18,191.9261131,140.5268666,211.1408803,28.42793663,586.2469766,44038359.9,4,,,,,,,
612,6/3/2017,19,210.2989372,152.3512216,230.2727229,31.38208186,640.8726323,46484935.45,5,,,,,,,
613,6/4/2017,23,291.8858421,202.9517907,314.0462634,44.78412057,881.7178584,56271237.65,5,,,,,,,
614,6/5/2017,27,384.1145746,258.0807826,407.5195685,60.24807854,1152.129902,66057539.85,6,,,,,,,
615,6/6/2017,27,383.3630389,257.9434868,406.9551707,60.07631551,1150.209245,66057539.85,6,,,,,,,
616,6/7/2017,22,268.7457153,189.5092317,290.8669707,40.85007602,814.2356747,53824662.1,5,,,,,,,
617,6/8/2017,26,357.8058563,243.4695301,381.5563399,55.6729479,1076.00221,63610964.3,6,,,,,,,
618,6/9/2017,27,381.1158103,257.5328674,405.2686613,59.56283661,1144.466631,66057539.85,6,,,,,,,
619,6/10/2017,19,207.419945,151.7194921,228.0848519,30.74453994,633.4340934,46484935.45,4,,,,,,,
620,6/11/2017,29,429.389517,286.4065714,454.2301365,67.65660965,1286.031753,70950690.95,6,,,,,,,
621,6/12/2017,27,378.8796185,257.1241194,403.5921346,59.05207318,1138.752927,66057539.85,6,,,,,,,
622,6/13/2017,20,225.2961898,163.6178655,246.9604535,33.5625152,686.9446662,48931511,5,,,,,,,
623,6/14/2017,16,152.9149067,116.8092773,171.4875817,21.96427911,471.544613,39145208.8,4,,,,,,,
624,6/15/2017,15,136.4972637,105.9023538,154.1937109,19.37797474,422.4231996,36698633.25,4,,,,,,,
625,6/16/2017,12,92.58990227,75.54529627,107.1750396,12.6357702,289.9581349,29358906.6,3,,,,,,,
626,6/17/2017,9.7,63.91560533,54.71198393,75.81183296,8.381119469,202.5142166,23731782.84,3,,,,,,,
627,6/18/2017,18,185.9620625,139.1833311,206.6042435,27.11508614,570.8095654,44038359.9,4,,,,,,,
628,6/19/2017,27,373.7045336,256.1774331,399.718751,57.87085262,1125.532513,66057539.85,6,,,,,,,
629,6/20/2017,18,185.2276134,139.0177151,206.0472099,26.95371887,568.9086687,44038359.9,4,,,,,,,
630,6/21/2017,10,66.84480908,57.13864482,79.2279773,8.77581784,211.7213077,24465755.5,3,,,,,,,
631,6/22/2017,6.3,29.92227152,28.33333729,37.50161749,3.580340568,97.27530601,15413425.97,2,,,,,,,
632,6/23/2017,6.8,34.09857777,31.79388428,42.36380312,4.140303666,110.4083931,16636713.74,2,,,,,,,
633,6/24/2017,8.6,51.15478609,45.37049918,61.82718714,6.502924646,163.5272284,21040549.73,2,,,,,,,
634,6/25/2017,17,166.1497719,127.1475706,186.4855646,23.83331337,512.5674416,41591784.35,4,,,,,,,
635,6/26/2017,21,238.8869717,174.7929621,262.7245287,35.40062105,729.5823648,51378086.55,5,,,,,,,
636,6/27/2017,16,149.0232929,115.8821103,168.5233064,21.11992329,461.4288142,39145208.8,4,,,,,,,
637,6/28/2017,15,133.0191413,105.0491384,151.5379806,18.62875425,413.3598786,36698633.25,4,,,,,,,
638,6/29/2017,8.2,46.62778032,42.06149696,56.8759044,5.837745834,149.6977682,20061919.51,2,,,,,,,
639,6/30/2017,12,90.0422385,74.8572269,105.2108861,12.10103288,283.2588513,29358906.6,3,,,,,,,
640,7/1/2017,16,147.8427558,115.6004401,167.6264901,20.86435215,458.3598695,39145208.8,4,,,,,,,
641,7/2/2017,25,318.9636996,226.5870587,346.3063176,48.24270725,967.9088612,61164388.75,5,,,,,,,
642,7/3/2017,29,411.2067979,283.2080168,440.6803536,63.48560448,1239.687423,70950690.95,6,,,,,,,
643,7/4/2017,35,567.4792792,375.6525437,598.5086307,89.83515651,1697.024634,85630144.25,7,,,,,,,
644,7/5/2017,25,317.0763513,226.2253054,344.8985245,47.8161215,963.0782278,61164388.75,5,,,,,,,
645,7/6/2017,14,116.1837692,94.16998627,134.0450952,15.9404653,363.2694552,34252057.7,3,,,,,,,
646,7/7/2017,17,162.2333199,126.2383506,183.519652,22.98041553,502.4091223,41591784.35,4,,,,,,,
647,7/8/2017,16,145.7957431,115.1114374,166.0740899,20.42188737,453.0378651,39145208.8,4,,,,,,,
648,7/9/2017,14,115.4895918,93.99391164,133.516061,15.79278542,361.4548852,34252057.7,3,,,,,,,
649,7/10/2017,22,251.7833554,186.0404299,278.1160967,37.05373375,770.633682,53824662.1,5,,,,,,,
650,7/11/2017,21,231.8849427,173.3237463,257.4693877,33.84370332,711.5574236,51378086.55,5,,,,,,,
651,7/12/2017,17,160.6245432,125.8640805,182.3045572,22.63089517,498.2357472,41591784.35,4,,,,,,,
652,7/13/2017,21,230.9645114,173.1301246,256.7804574,33.63946569,709.1879556,51378086.55,4,,,,,,,
653,7/14/2017,20,211.8731516,160.7353665,236.8512654,30.58881496,652.3310335,48931511,4,,,,,,,
654,7/15/2017,17,159.6657391,125.6407634,181.5812719,22.42283373,495.748246,41591784.35,4,,,,,,,
655,7/16/2017,24,289.1293239,211.4683844,317.9226361,42.85841241,882.947329,58717813.2,5,,,,,,,
656,7/17/2017,31,448.7194281,310.9730164,482.1237835,68.99639297,1354.53771,75843842.05,6,,,,,,,
657,7/18/2017,19,192.36179,148.4032229,216.7234578,27.426092,594.5333429,46484935.45,4,,,,,,,
658,7/19/2017,14,113.2008472,93.4124031,131.7751935,15.30693654,355.4705789,34252057.7,3,,,,,,,
659,7/20/2017,18,174.4999617,136.5902094,197.9516451,24.60612645,541.1403875,44038359.9,4,,,,,,,
660,7/21/2017,20,208.9371058,160.1014631,234.6534043,29.94147203,644.7591152,48931511,4,,,,,,,
661,7/22/2017,21,226.8605127,172.2651096,253.7139442,32.73014175,698.6223618,51378086.55,4,,,,,,,
662,7/23/2017,28,372.028099,265.913903,404.9884016,56.0336055,1130.42866,68504115.4,5,,,,,,,
663,7/24/2017,21,225.9568989,172.0742444,253.0399189,32.53023367,696.2958367,51378086.55,4,,,,,,,
664,7/25/2017,11,73.65255678,64.55026828,88.45217703,9.462313935,234.7403146,26912331.05,3,,,,,,,
665,7/26/2017,16,140.6412753,113.8757869,162.1799077,19.31202904,439.6319201,39145208.8,4,,,,,,,
666,7/27/2017,17,155.8785821,124.7565058,178.730873,21.60295072,485.9206277,41591784.35,4,,,,,,,
667,7/28/2017,18,171.7292852,135.9595609,195.8730908,24.00314018,533.965694,44038359.9,4,,,,,,,
668,7/29/2017,17,155.2548117,124.6104895,178.2623838,21.46822397,484.3015265,41591784.35,4,,,,,,,
669,7/30/2017,26,322.8425611,236.902727,355.5102656,47.74503475,986.6147821,63610964.3,5,,,,,,,
670,7/31/2017,23,260.7341888,196.7080573,290.7304736,37.79717544,801.7595725,56271237.65,5,,,,,,,
671,8/1/2017,17,154.3231038,124.3921719,177.5631356,21.26716109,481.8828569,41591784.35,4,,,,,,,
672,8/2/2017,11,72.47294273,64.21736157,87.54836359,9.220713661,231.619932,26912331.05,3,,,,,,,
673,8/3/2017,7.8,39.83285972,38.05018335,50.17427654,4.726065082,129.7916506,19083289.29,2,,,,,,,
674,8/4/2017,12,83.93017991,73.19773782,100.5325487,10.82922829,267.1676849,29358906.6,3,,,,,,,
675,8/5/2017,18,168.9957884,135.3353644,193.8273573,23.40982128,526.8851548,44038359.9,4,,,,,,,
676,8/6/2017,20,202.3545866,158.673674,229.7431859,28.49511737,627.7783576,48931511,4,,,,,,,
677,8/7/2017,19,184.8132744,146.7256497,211.0795629,25.77591293,575.0237242,46484935.45,4,,,,,,,
678,8/8/2017,13,95.63974681,82.45271368,113.8633228,12.46451837,303.5664198,31805482.15,3,,,,,,,
679,8/9/2017,15,122.2874858,102.3988254,143.4115906,16.33658513,385.3720496,36698633.25,3,,,,,,,
680,8/10/2017,11,71.30933724,63.8880809,86.65878146,8.983255415,228.5397511,26912331.05,3,,,,,,,
681,8/11/2017,19,183.3339525,146.3951201,209.9774993,25.45381744,571.1985653,46484935.45,4,,,,,,,
682,8/12/2017,15,121.5497573,102.215147,142.8566819,16.18032517,383.4457999,36698633.25,3,,,,,,,
683,8/13/2017,26,313.9364943,235.205994,348.9459559,45.74105433,963.8474456,63610964.3,5,,,,,,,
684,8/14/2017,32,448.295752,321.8821423,488.9693583,67.31155209,1363.505462,78290417.6,6,,,,,,,
685,8/15/2017,24,272.3187275,208.1377165,305.4741199,39.09862195,839.8593609,58717813.2,5,,,,,,,
686,8/16/2017,17,149.7350222,123.3128729,174.1288415,20.28029963,469.9669256,41591784.35,4,,,,,,,
687,8/17/2017,19,181.133717,145.9022718,208.3407849,24.97562254,565.5079001,46484935.45,4,,,,,,,
688,8/18/2017,24,270.6839583,207.8108759,304.2697135,38.7348083,835.6675619,58717813.2,5,,,,,,,
689,8/19/2017,27,331.065344,248.2836086,368.1497696,48.20221664,1016.661373,66057539.85,5,,,,,,,
690,8/20/2017,30,396.2844397,291.0922458,436.5819793,58.56389154,1211.328506,73397266.5,5,,,,,,,
691,8/21/2017,28,351.1018241,262.0830523,389.6042082,51.29299578,1077.061829,68504115.4,5,,,,,,,
692,8/22/2017,17,147.932334,122.8866543,172.7835924,19.89414355,465.2820892,41591784.35,4,,,,,,,
693,8/23/2017,15,118.8768469,101.5475092,140.8501268,15.61583626,376.4630859,36698633.25,3,,,,,,,
694,8/24/2017,15,118.6363398,101.4872598,140.669882,15.56517732,375.834483,36698633.25,3,,,,,,,
695,8/25/2017,21,211.9063681,169.0822416,242.6127736,29.43836206,660.100989,51378086.55,4,,,,,,,
696,8/26/2017,25,285.82387,220.1619659,321.785659,40.79967859,883.0787424,61164388.75,5,,,,,,,
697,8/27/2017,29,368.5574643,275.5794614,409.2880124,53.77710225,1131.039089,70950690.95,5,,,,,,,
698,8/28/2017,28,346.2021385,261.175285,386.0222378,50.18883604,1064.562064,68504115.4,5,,,,,,,
699,8/29/2017,22,227.8031403,181.0616294,260.3223704,31.74344633,708.970994,53824662.1,4,,,,,,,
700,8/30/2017,20,192.8092823,156.5824082,222.6651927,26.41206143,603.134125,48931511,4,,,,,,,
701,8/31/2017,18,160.3641521,133.3480685,187.3994268,21.54801852,504.5065898,44038359.9,4,,,,,,,
702,9/1/2017,21,208.9332454,168.4420641,240.4191821,28.78867266,652.435093,51378086.55,4,,,,,,,
703,9/2/2017,22,225.9710364,180.6753664,258.9740338,31.34146962,704.2548716,53824662.1,4,,,,,,,
704,9/3/2017,26,300.9663103,232.7071882,339.4369657,42.83828063,930.6748728,63610964.3,5,,,,,,,
705,9/4/2017,29,362.6763936,274.5052234,405.0020039,52.45013265,1116.050239,70950690.95,5,,,,,,,
706,9/5/2017,28,340.6732962,260.1450743,381.9894449,48.94597272,1050.4535,68504115.4,5,,,,,,,
707,9/6/2017,30,382.9841664,288.7126816,426.8921921,55.55085536,1177.471521,73397266.5,5,,,,,,,
708,9/7/2017,29,360.491521,274.1043392,403.4123452,51.95806526,1110.480579,70950690.95,5,,,,,,,
709,9/8/2017,29,359.7657058,273.9709411,402.8845755,51.79471421,1108.63018,70950690.95,5,,,,,,,
710,9/9/2017,32,425.5210525,317.9585122,472.4027642,62.11907592,1305.653542,78290417.6,5,,,,,,,
711,9/10/2017,32,424.6649862,317.8092941,471.782628,61.92472742,1303.478145,78290417.6,5,,,,,,,
712,9/11/2017,30,379.1448243,288.0194504,424.1043832,54.68424886,1167.694395,73397266.5,5,,,,,,,
713,9/12/2017,22,221.4452026,179.7165603,255.6499569,30.35123376,692.5995012,53824662.1,4,,,,,,,
714,9/13/2017,18,156.1901009,132.376247,184.3082946,20.65503108,493.6696853,44038359.9,4,,,,,,,
715,9/14/2017,22,220.5493015,179.5259375,254.9930769,30.1557023,690.2913217,53824662.1,4,,,,,,,
716,9/15/2017,27,313.5456521,244.9531152,355.3563235,44.27871382,971.8957137,66057539.85,5,,,,,,,
717,9/16/2017,28,333.1930798,258.7403828,376.5486774,47.27009392,1031.35726,68504115.4,5,,,,,,,
718,9/17/2017,30,374.580596,287.1912805,420.7956373,53.6560343,1156.06842,73397266.5,5,,,,,,,
719,9/18/2017,29,352.5752238,272.6430729,397.6645736,50.17963796,1090.293923,70950690.95,5,,,,,,,
720,9/19/2017,27,311.0180532,244.4665444,353.5190771,43.71588454,965.4322983,66057539.85,5,,,,,,,
721,9/20/2017,29,351.1518094,272.378791,396.633058,49.8606385,1086.662966,70950690.95,5,,,,,,,
722,9/21/2017,22,217.4377704,178.861638,252.7145752,29.47792842,682.2720575,53824662.1,4,,,,,,,
723,9/22/2017,23,234.3290732,191.2762492,271.3008508,31.96757449,733.9114655,56271237.65,4,,,,,,,
724,9/23/2017,21,199.8177681,166.4598315,233.7213737,26.80864112,628.9080066,51378086.55,4,,,,,,,
725,9/24/2017,23,233.3787068,191.0768311,270.6071857,31.76004496,731.4653515,56271237.65,4,,,,,,,
726,9/25/2017,24,250.6836823,203.7551995,289.6225178,34.31662993,784.3319715,58717813.2,4,,,,,,,
727,9/26/2017,19,167.0281984,142.6992551,197.9159998,21.9384823,528.9683981,46484935.45,4,,,,,,,
728,9/27/2017,21,198.197145,166.1039843,232.5349251,26.45867021,624.7206228,51378086.55,4,,,,,,,
729,9/28/2017,21,197.7937346,166.0152309,232.2397935,26.37165792,623.6780407,51378086.55,4,,,,,,,
730,9/29/2017,19,166.0089048,142.4643392,197.1672018,21.72119773,526.3229029,46484935.45,4,,,,,,,
731,9/30/2017,21,196.9890018,165.8379711,231.6512987,26.19820918,621.5979698,51378086.55,4,,,,,,,
